#,,"generated_by='OpenQuake engine 3.19.0', start_date='2024-05-21T13:16:28', checksum=4043280846"
site_id,event_id,gmv_PGA
0,0,6.74453E-01
1,0,6.78937E-01
2,0,6.83152E-01
3,0,6.87094E-01
4,0,6.90749E-01
5,0,6.94110E-01
6,0,6.97170E-01
7,0,6.99920E-01
8,0,7.02356E-01
9,0,7.04470E-01
10,0,7.06257E-01
11,0,7.07712E-01
12,0,7.08833E-01
13,0,7.09614E-01
14,0,7.10060E-01
15,0,7.10161E-01
16,0,7.09921E-01
17,0,7.09339E-01
18,0,7.08419E-01
19,0,7.07162E-01
20,0,7.05571E-01
21,0,7.03651E-01
22,0,7.01406E-01
23,0,6.98842E-01
24,0,6.96126E-01
25,0,6.93363E-01
26,0,6.90558E-01
27,0,6.87713E-01
28,0,6.84765E-01
29,0,6.81531E-01
30,0,6.78011E-01
31,0,6.74209E-01
32,0,6.70137E-01
33,0,6.65806E-01
34,0,6.61221E-01
35,0,6.79249E-01
36,0,6.83796E-01
37,0,6.88067E-01
38,0,6.92061E-01
39,0,6.95766E-01
40,0,6.99171E-01
41,0,7.02273E-01
42,0,7.05060E-01
43,0,7.07531E-01
44,0,7.09673E-01
45,0,7.11483E-01
46,0,7.12959E-01
47,0,7.14094E-01
48,0,7.14886E-01
49,0,7.15334E-01
50,0,7.15440E-01
51,0,7.15196E-01
52,0,7.14607E-01
53,0,7.13674E-01
54,0,7.12401E-01
55,0,7.10788E-01
56,0,7.08843E-01
57,0,7.06570E-01
58,0,7.04022E-01
59,0,7.01406E-01
60,0,6.98743E-01
61,0,6.96034E-01
62,0,6.93277E-01
63,0,6.90295E-01
64,0,6.87017E-01
65,0,6.83446E-01
66,0,6.79591E-01
67,0,6.75461E-01
68,0,6.71069E-01
69,0,6.66419E-01
70,0,6.83779E-01
71,0,6.88386E-01
72,0,6.92713E-01
73,0,6.96758E-01
74,0,7.00511E-01
75,0,7.03960E-01
76,0,7.07104E-01
77,0,7.09926E-01
78,0,7.12426E-01
79,0,7.14596E-01
80,0,7.16429E-01
81,0,7.17926E-01
82,0,7.19076E-01
83,0,7.19878E-01
84,0,7.20332E-01
85,0,7.20438E-01
86,0,7.20192E-01
87,0,7.19595E-01
88,0,7.18651E-01
89,0,7.17361E-01
90,0,7.15731E-01
91,0,7.13761E-01
92,0,7.11459E-01
93,0,7.08998E-01
94,0,7.06488E-01
95,0,7.03931E-01
96,0,7.01323E-01
97,0,6.98601E-01
98,0,6.95579E-01
99,0,6.92255E-01
100,0,6.88636E-01
101,0,6.84728E-01
102,0,6.80543E-01
103,0,6.76092E-01
104,0,6.71384E-01
105,0,6.88025E-01
106,0,6.92691E-01
107,0,6.97073E-01
108,0,7.01170E-01
109,0,7.04970E-01
110,0,7.08464E-01
111,0,7.11644E-01
112,0,7.14502E-01
113,0,7.17033E-01
114,0,7.19232E-01
115,0,7.21087E-01
116,0,7.22599E-01
117,0,7.23766E-01
118,0,7.24578E-01
119,0,7.25038E-01
120,0,7.25143E-01
121,0,7.24896E-01
122,0,7.24292E-01
123,0,7.23337E-01
124,0,7.22034E-01
125,0,7.20382E-01
126,0,7.18389E-01
127,0,7.16116E-01
128,0,7.13767E-01
129,0,7.11367E-01
130,0,7.08915E-01
131,0,7.06409E-01
132,0,7.03663E-01
133,0,7.00601E-01
134,0,6.97235E-01
135,0,6.93569E-01
136,0,6.89611E-01
137,0,6.85373E-01
138,0,6.80868E-01
139,0,6.76098E-01
140,0,6.91968E-01
141,0,6.96692E-01
142,0,7.01132E-01
143,0,7.05281E-01
144,0,7.09130E-01
145,0,7.12665E-01
146,0,7.15884E-01
147,0,7.18779E-01
148,0,7.21340E-01
149,0,7.23562E-01
150,0,7.25442E-01
151,0,7.26972E-01
152,0,7.28150E-01
153,0,7.28974E-01
154,0,7.29439E-01
155,0,7.29546E-01
156,0,7.29296E-01
157,0,7.28687E-01
158,0,7.27723E-01
159,0,7.26404E-01
160,0,7.24734E-01
161,0,7.22724E-01
162,0,7.20548E-01
163,0,7.18316E-01
164,0,7.16033E-01
165,0,7.13694E-01
166,0,7.11228E-01
167,0,7.08451E-01
168,0,7.05351E-01
169,0,7.01944E-01
170,0,6.98233E-01
171,0,6.94228E-01
172,0,6.89941E-01
173,0,6.85381E-01
174,0,6.80555E-01
175,0,6.95588E-01
176,0,7.00374E-01
177,0,7.04872E-01
178,0,7.09074E-01
179,0,7.12972E-01
180,0,7.16551E-01
181,0,7.19811E-01
182,0,7.22738E-01
183,0,7.25329E-01
184,0,7.27580E-01
185,0,7.29479E-01
186,0,7.31029E-01
187,0,7.32221E-01
188,0,7.33055E-01
189,0,7.33526E-01
190,0,7.33634E-01
191,0,7.33382E-01
192,0,7.32767E-01
193,0,7.31793E-01
194,0,7.30461E-01
195,0,7.28777E-01
196,0,7.26802E-01
197,0,7.24748E-01
198,0,7.22640E-01
199,0,7.20474E-01
200,0,7.18246E-01
201,0,7.15762E-01
202,0,7.12952E-01
203,0,7.09817E-01
204,0,7.06371E-01
205,0,7.02619E-01
206,0,6.98569E-01
207,0,6.94234E-01
208,0,6.89623E-01
209,0,6.84746E-01
210,0,6.98868E-01
211,0,7.03715E-01
212,0,7.08272E-01
213,0,7.12529E-01
214,0,7.16477E-01
215,0,7.20102E-01
216,0,7.23403E-01
217,0,7.26366E-01
218,0,7.28991E-01
219,0,7.31266E-01
220,0,7.33190E-01
221,0,7.34757E-01
222,0,7.35964E-01
223,0,7.36806E-01
224,0,7.37285E-01
225,0,7.37396E-01
226,0,7.37143E-01
227,0,7.36522E-01
228,0,7.35540E-01
229,0,7.34196E-01
230,0,7.32500E-01
231,0,7.30636E-01
232,0,7.28712E-01
233,0,7.26727E-01
234,0,7.24687E-01
235,0,7.22506E-01
236,0,7.19997E-01
237,0,7.17155E-01
238,0,7.13989E-01
239,0,7.10504E-01
240,0,7.06715E-01
241,0,7.02624E-01
242,0,6.98242E-01
243,0,6.93586E-01
244,0,6.88657E-01
245,0,7.01797E-01
246,0,7.06702E-01
247,0,7.11315E-01
248,0,7.15628E-01
249,0,7.19628E-01
250,0,7.23303E-01
251,0,7.26645E-01
252,0,7.29648E-01
253,0,7.32305E-01
254,0,7.34611E-01
255,0,7.36557E-01
256,0,7.38145E-01
257,0,7.39367E-01
258,0,7.40220E-01
259,0,7.40706E-01
260,0,7.40821E-01
261,0,7.40567E-01
262,0,7.39943E-01
263,0,7.38954E-01
264,0,7.37601E-01
265,0,7.35950E-01
266,0,7.34221E-01
267,0,7.32427E-01
268,0,7.30574E-01
269,0,7.28651E-01
270,0,7.26457E-01
271,0,7.23924E-01
272,0,7.21054E-01
273,0,7.17857E-01
274,0,7.14338E-01
275,0,7.10512E-01
276,0,7.06382E-01
277,0,7.01958E-01
278,0,6.97257E-01
279,0,6.92281E-01
280,0,7.04380E-01
281,0,7.09329E-01
282,0,7.13991E-01
283,0,7.18356E-01
284,0,7.22405E-01
285,0,7.26129E-01
286,0,7.29518E-01
287,0,7.32562E-01
288,0,7.35257E-01
289,0,7.37593E-01
290,0,7.39568E-01
291,0,7.41177E-01
292,0,7.42415E-01
293,0,7.43283E-01
294,0,7.43778E-01
295,0,7.43897E-01
296,0,7.43645E-01
297,0,7.43020E-01
298,0,7.42023E-01
299,0,7.40666E-01
300,0,7.39137E-01
301,0,7.37546E-01
302,0,7.35889E-01
303,0,7.34168E-01
304,0,7.32300E-01
305,0,7.30088E-01
306,0,7.27530E-01
307,0,7.24636E-01
308,0,7.21411E-01
309,0,7.17860E-01
310,0,7.14000E-01
311,0,7.09833E-01
312,0,7.05371E-01
313,0,7.00629E-01
314,0,6.95612E-01
315,0,7.06649E-01
316,0,7.11496E-01
317,0,7.16304E-01
318,0,7.20707E-01
319,0,7.24799E-01
320,0,7.28568E-01
321,0,7.32003E-01
322,0,7.35090E-01
323,0,7.37824E-01
324,0,7.40197E-01
325,0,7.42202E-01
326,0,7.43836E-01
327,0,7.45096E-01
328,0,7.45980E-01
329,0,7.46485E-01
330,0,7.46613E-01
331,0,7.46364E-01
332,0,7.45739E-01
333,0,7.44739E-01
334,0,7.43440E-01
335,0,7.42056E-01
336,0,7.40606E-01
337,0,7.39087E-01
338,0,7.37493E-01
339,0,7.35619E-01
340,0,7.33388E-01
341,0,7.30810E-01
342,0,7.27893E-01
343,0,7.24641E-01
344,0,7.21062E-01
345,0,7.17171E-01
346,0,7.12971E-01
347,0,7.08475E-01
348,0,7.03694E-01
349,0,6.98637E-01
350,0,7.08827E-01
351,0,7.13701E-01
352,0,7.18286E-01
353,0,7.22574E-01
354,0,7.26818E-01
355,0,7.30618E-01
356,0,7.34090E-01
357,0,7.37218E-01
358,0,7.39992E-01
359,0,7.42402E-01
360,0,7.44442E-01
361,0,7.46106E-01
362,0,7.47392E-01
363,0,7.48296E-01
364,0,7.48817E-01
365,0,7.48956E-01
366,0,7.48714E-01
367,0,7.48092E-01
368,0,7.47098E-01
369,0,7.45932E-01
370,0,7.44696E-01
371,0,7.43391E-01
372,0,7.42017E-01
373,0,7.40484E-01
374,0,7.38595E-01
375,0,7.36350E-01
376,0,7.33754E-01
377,0,7.30816E-01
378,0,7.27541E-01
379,0,7.23936E-01
380,0,7.20017E-01
381,0,7.15787E-01
382,0,7.11259E-01
383,0,7.06446E-01
384,0,7.01354E-01
385,0,7.10676E-01
386,0,7.15573E-01
387,0,7.20179E-01
388,0,7.24488E-01
389,0,7.28486E-01
390,0,7.32162E-01
391,0,7.35788E-01
392,0,7.38943E-01
393,0,7.41750E-01
394,0,7.44196E-01
395,0,7.46270E-01
396,0,7.47969E-01
397,0,7.49283E-01
398,0,7.50213E-01
399,0,7.50756E-01
400,0,7.50911E-01
401,0,7.50681E-01
402,0,7.50066E-01
403,0,7.49144E-01
404,0,7.48134E-01
405,0,7.47049E-01
406,0,7.45894E-01
407,0,7.44655E-01
408,0,7.43120E-01
409,0,7.41222E-01
410,0,7.38964E-01
411,0,7.36352E-01
412,0,7.33396E-01
413,0,7.30099E-01
414,0,7.26474E-01
415,0,7.22530E-01
416,0,7.18274E-01
417,0,7.13717E-01
418,0,7.08874E-01
419,0,7.03751E-01
420,0,7.12192E-01
421,0,7.17108E-01
422,0,7.21731E-01
423,0,7.26056E-01
424,0,7.30069E-01
425,0,7.33760E-01
426,0,7.37121E-01
427,0,7.40141E-01
428,0,7.43107E-01
429,0,7.45576E-01
430,0,7.47679E-01
431,0,7.49409E-01
432,0,7.50756E-01
433,0,7.51715E-01
434,0,7.52284E-01
435,0,7.52462E-01
436,0,7.52249E-01
437,0,7.51654E-01
438,0,7.50883E-01
439,0,7.50034E-01
440,0,7.49108E-01
441,0,7.48108E-01
442,0,7.46936E-01
443,0,7.45397E-01
444,0,7.43491E-01
445,0,7.41221E-01
446,0,7.38597E-01
447,0,7.35626E-01
448,0,7.32313E-01
449,0,7.28669E-01
450,0,7.24704E-01
451,0,7.20425E-01
452,0,7.15844E-01
453,0,7.10975E-01
454,0,7.05825E-01
455,0,7.13370E-01
456,0,7.18300E-01
457,0,7.22937E-01
458,0,7.27275E-01
459,0,7.31300E-01
460,0,7.35001E-01
461,0,7.38373E-01
462,0,7.41402E-01
463,0,7.44084E-01
464,0,7.46412E-01
465,0,7.48679E-01
466,0,7.50429E-01
467,0,7.51802E-01
468,0,7.52790E-01
469,0,7.53388E-01
470,0,7.53593E-01
471,0,7.53404E-01
472,0,7.52901E-01
473,0,7.52301E-01
474,0,7.51620E-01
475,0,7.50858E-01
476,0,7.50004E-01
477,0,7.48840E-01
478,0,7.47301E-01
479,0,7.45391E-01
480,0,7.43116E-01
481,0,7.40483E-01
482,0,7.37500E-01
483,0,7.34174E-01
484,0,7.30514E-01
485,0,7.26532E-01
486,0,7.22234E-01
487,0,7.17633E-01
488,0,7.12744E-01
489,0,7.07571E-01
490,0,7.14207E-01
491,0,7.19147E-01
492,0,7.23794E-01
493,0,7.28141E-01
494,0,7.32175E-01
495,0,7.35883E-01
496,0,7.39262E-01
497,0,7.42298E-01
498,0,7.44986E-01
499,0,7.47318E-01
500,0,7.49287E-01
501,0,7.51049E-01
502,0,7.52432E-01
503,0,7.53438E-01
504,0,7.54060E-01
505,0,7.54291E-01
506,0,7.54138E-01
507,0,7.53804E-01
508,0,7.53384E-01
509,0,7.52879E-01
510,0,7.52289E-01
511,0,7.51514E-01
512,0,7.50359E-01
513,0,7.48824E-01
514,0,7.46916E-01
515,0,7.44638E-01
516,0,7.42000E-01
517,0,7.39010E-01
518,0,7.35675E-01
519,0,7.32003E-01
520,0,7.28008E-01
521,0,7.23697E-01
522,0,7.19080E-01
523,0,7.14173E-01
524,0,7.08981E-01
525,0,7.14701E-01
526,0,7.19647E-01
527,0,7.24300E-01
528,0,7.28652E-01
529,0,7.32691E-01
530,0,7.36404E-01
531,0,7.39787E-01
532,0,7.42826E-01
533,0,7.45518E-01
534,0,7.47852E-01
535,0,7.49823E-01
536,0,7.51427E-01
537,0,7.52659E-01
538,0,7.53681E-01
539,0,7.54312E-01
540,0,7.54561E-01
541,0,7.54505E-01
542,0,7.54355E-01
543,0,7.54118E-01
544,0,7.53795E-01
545,0,7.53368E-01
546,0,7.52617E-01
547,0,7.51477E-01
548,0,7.49953E-01
549,0,7.48052E-01
550,0,7.45779E-01
551,0,7.43141E-01
552,0,7.40149E-01
553,0,7.36809E-01
554,0,7.33131E-01
555,0,7.29128E-01
556,0,7.24806E-01
557,0,7.20178E-01
558,0,7.15259E-01
559,0,7.10054E-01
560,0,7.14851E-01
561,0,7.19799E-01
562,0,7.24453E-01
563,0,7.28806E-01
564,0,7.32847E-01
565,0,7.36561E-01
566,0,7.39945E-01
567,0,7.42985E-01
568,0,7.45678E-01
569,0,7.48013E-01
570,0,7.49985E-01
571,0,7.51589E-01
572,0,7.52821E-01
573,0,7.53676E-01
574,0,7.54153E-01
575,0,7.54433E-01
576,0,7.54531E-01
577,0,7.54555E-01
578,0,7.54499E-01
579,0,7.54359E-01
580,0,7.54023E-01
581,0,7.53297E-01
582,0,7.52179E-01
583,0,7.50674E-01
584,0,7.48788E-01
585,0,7.46525E-01
586,0,7.43895E-01
587,0,7.40908E-01
588,0,7.37569E-01
589,0,7.33891E-01
590,0,7.29885E-01
591,0,7.25559E-01
592,0,7.20925E-01
593,0,7.15998E-01
594,0,7.10786E-01
595,0,7.14656E-01
596,0,7.19602E-01
597,0,7.24253E-01
598,0,7.28604E-01
599,0,7.32642E-01
600,0,7.36355E-01
601,0,7.39736E-01
602,0,7.42775E-01
603,0,7.45466E-01
604,0,7.47800E-01
605,0,7.49770E-01
606,0,7.51373E-01
607,0,7.52604E-01
608,0,7.53458E-01
609,0,7.53935E-01
610,0,7.54119E-01
611,0,7.54220E-01
612,0,7.54428E-01
613,0,7.54537E-01
614,0,7.54553E-01
615,0,7.54244E-01
616,0,7.53545E-01
617,0,7.52454E-01
618,0,7.50974E-01
619,0,7.49111E-01
620,0,7.46867E-01
621,0,7.44253E-01
622,0,7.41278E-01
623,0,7.37948E-01
624,0,7.34275E-01
625,0,7.30273E-01
626,0,7.25949E-01
627,0,7.21315E-01
628,0,7.16387E-01
629,0,7.11172E-01
630,0,7.14118E-01
631,0,7.19056E-01
632,0,7.23701E-01
633,0,7.28046E-01
634,0,7.32078E-01
635,0,7.35785E-01
636,0,7.39161E-01
637,0,7.42196E-01
638,0,7.44882E-01
639,0,7.47213E-01
640,0,7.49180E-01
641,0,7.50781E-01
642,0,7.52009E-01
643,0,7.52862E-01
644,0,7.53349E-01
645,0,7.53678E-01
646,0,7.53936E-01
647,0,7.54121E-01
648,0,7.54234E-01
649,0,7.54343E-01
650,0,7.54044E-01
651,0,7.53363E-01
652,0,7.52297E-01
653,0,7.50844E-01
654,0,7.49009E-01
655,0,7.46792E-01
656,0,7.44202E-01
657,0,7.41247E-01
658,0,7.37935E-01
659,0,7.34277E-01
660,0,7.30286E-01
661,0,7.25971E-01
662,0,7.21344E-01
663,0,7.16421E-01
664,0,7.11210E-01
665,0,7.13236E-01
666,0,7.18164E-01
667,0,7.22798E-01
668,0,7.27132E-01
669,0,7.31155E-01
670,0,7.34854E-01
671,0,7.38222E-01
672,0,7.41249E-01
673,0,7.43929E-01
674,0,7.46254E-01
675,0,7.48216E-01
676,0,7.49813E-01
677,0,7.51039E-01
678,0,7.51889E-01
679,0,7.52454E-01
680,0,7.52939E-01
681,0,7.53352E-01
682,0,7.53693E-01
683,0,7.53940E-01
684,0,7.53869E-01
685,0,7.53417E-01
686,0,7.52775E-01
687,0,7.51720E-01
688,0,7.50288E-01
689,0,7.48479E-01
690,0,7.46292E-01
691,0,7.43731E-01
692,0,7.40806E-01
693,0,7.37520E-01
694,0,7.33886E-01
695,0,7.29915E-01
696,0,7.25617E-01
697,0,7.21006E-01
698,0,7.16096E-01
699,0,7.10896E-01
700,0,7.12015E-01
701,0,7.16927E-01
702,0,7.21546E-01
703,0,7.25867E-01
704,0,7.29877E-01
705,0,7.33563E-01
706,0,7.36921E-01
707,0,7.39937E-01
708,0,7.42609E-01
709,0,7.44925E-01
710,0,7.46882E-01
711,0,7.48472E-01
712,0,7.49694E-01
713,0,7.50553E-01
714,0,7.51263E-01
715,0,7.51902E-01
716,0,7.52470E-01
717,0,7.52966E-01
718,0,7.53271E-01
719,0,7.53198E-01
720,0,7.52747E-01
721,0,7.51919E-01
722,0,7.50715E-01
723,0,7.49329E-01
724,0,7.47535E-01
725,0,7.45371E-01
726,0,7.42840E-01
727,0,7.39947E-01
728,0,7.36694E-01
729,0,7.33092E-01
730,0,7.29152E-01
731,0,7.24881E-01
732,0,7.20294E-01
733,0,7.15406E-01
734,0,7.10226E-01
735,0,7.10456E-01
736,0,7.15348E-01
737,0,7.19949E-01
738,0,7.24252E-01
739,0,7.28246E-01
740,0,7.31917E-01
741,0,7.35261E-01
742,0,7.38265E-01
743,0,7.40924E-01
744,0,7.43232E-01
745,0,7.45179E-01
746,0,7.46764E-01
747,0,7.47979E-01
748,0,7.48917E-01
749,0,7.49779E-01
750,0,7.50570E-01
751,0,7.51291E-01
752,0,7.51918E-01
753,0,7.52224E-01
754,0,7.52151E-01
755,0,7.51700E-01
756,0,7.50874E-01
757,0,7.49673E-01
758,0,7.48101E-01
759,0,7.46163E-01
760,0,7.44053E-01
761,0,7.41541E-01
762,0,7.38676E-01
763,0,7.35457E-01
764,0,7.31891E-01
765,0,7.27988E-01
766,0,7.23754E-01
767,0,7.19200E-01
768,0,7.14344E-01
769,0,7.09193E-01
770,0,7.08564E-01
771,0,7.13432E-01
772,0,7.18011E-01
773,0,7.22293E-01
774,0,7.26266E-01
775,0,7.29919E-01
776,0,7.33246E-01
777,0,7.36236E-01
778,0,7.38882E-01
779,0,7.41177E-01
780,0,7.43115E-01
781,0,7.44690E-01
782,0,7.45912E-01
783,0,7.46993E-01
784,0,7.48004E-01
785,0,7.48946E-01
786,0,7.49819E-01
787,0,7.50498E-01
788,0,7.50802E-01
789,0,7.50730E-01
790,0,7.50280E-01
791,0,7.49456E-01
792,0,7.48259E-01
793,0,7.46692E-01
794,0,7.44760E-01
795,0,7.42467E-01
796,0,7.39819E-01
797,0,7.37017E-01
798,0,7.33822E-01
799,0,7.30289E-01
800,0,7.26424E-01
801,0,7.22230E-01
802,0,7.17719E-01
803,0,7.12904E-01
804,0,7.07791E-01
805,0,7.06343E-01
806,0,7.11183E-01
807,0,7.15736E-01
808,0,7.19994E-01
809,0,7.23944E-01
810,0,7.27576E-01
811,0,7.30883E-01
812,0,7.33854E-01
813,0,7.36485E-01
814,0,7.38766E-01
815,0,7.40692E-01
816,0,7.42257E-01
817,0,7.43558E-01
818,0,7.44783E-01
819,0,7.45942E-01
820,0,7.47035E-01
821,0,7.48031E-01
822,0,7.48708E-01
823,0,7.49010E-01
824,0,7.48938E-01
825,0,7.48490E-01
826,0,7.47669E-01
827,0,7.46477E-01
828,0,7.44916E-01
829,0,7.42992E-01
830,0,7.40708E-01
831,0,7.38071E-01
832,0,7.35090E-01
833,0,7.31770E-01
834,0,7.28310E-01
835,0,7.24474E-01
836,0,7.20318E-01
837,0,7.15852E-01
838,0,7.11083E-01
839,0,7.06017E-01
840,0,7.03800E-01
841,0,7.08608E-01
842,0,7.13132E-01
843,0,7.17361E-01
844,0,7.21284E-01
845,0,7.24891E-01
846,0,7.28177E-01
847,0,7.31128E-01
848,0,7.33740E-01
849,0,7.36006E-01
850,0,7.37919E-01
851,0,7.39489E-01
852,0,7.40925E-01
853,0,7.42294E-01
854,0,7.43599E-01
855,0,7.44838E-01
856,0,7.45880E-01
857,0,7.46552E-01
858,0,7.46853E-01
859,0,7.46780E-01
860,0,7.46335E-01
861,0,7.45518E-01
862,0,7.44331E-01
863,0,7.42778E-01
864,0,7.40864E-01
865,0,7.38591E-01
866,0,7.35969E-01
867,0,7.33002E-01
868,0,7.29698E-01
869,0,7.26066E-01
870,0,7.22116E-01
871,0,7.18043E-01
872,0,7.13611E-01
873,0,7.08886E-01
874,0,7.03871E-01
875,0,7.00939E-01
876,0,7.05713E-01
877,0,7.10203E-01
878,0,7.14401E-01
879,0,7.18295E-01
880,0,7.21874E-01
881,0,7.25134E-01
882,0,7.28062E-01
883,0,7.30656E-01
884,0,7.32904E-01
885,0,7.34801E-01
886,0,7.36444E-01
887,0,7.38020E-01
888,0,7.39531E-01
889,0,7.40978E-01
890,0,7.42333E-01
891,0,7.43369E-01
892,0,7.44037E-01
893,0,7.44336E-01
894,0,7.44263E-01
895,0,7.43820E-01
896,0,7.43007E-01
897,0,7.41827E-01
898,0,7.40284E-01
899,0,7.38381E-01
900,0,7.36122E-01
901,0,7.33514E-01
902,0,7.30565E-01
903,0,7.27280E-01
904,0,7.23669E-01
905,0,7.19743E-01
906,0,7.15507E-01
907,0,7.10974E-01
908,0,7.06341E-01
909,0,7.01367E-01
910,0,6.97770E-01
911,0,7.02504E-01
912,0,7.06958E-01
913,0,7.11121E-01
914,0,7.14983E-01
915,0,7.18532E-01
916,0,7.21765E-01
917,0,7.24668E-01
918,0,7.27238E-01
919,0,7.29467E-01
920,0,7.31364E-01
921,0,7.33137E-01
922,0,7.34849E-01
923,0,7.36500E-01
924,0,7.38086E-01
925,0,7.39478E-01
926,0,7.40506E-01
927,0,7.41170E-01
928,0,7.41466E-01
929,0,7.41393E-01
930,0,7.40952E-01
931,0,7.40146E-01
932,0,7.38973E-01
933,0,7.37440E-01
934,0,7.35549E-01
935,0,7.33306E-01
936,0,7.30715E-01
937,0,7.27786E-01
938,0,7.24524E-01
939,0,7.20937E-01
940,0,7.17037E-01
941,0,7.12829E-01
942,0,7.08326E-01
943,0,7.03542E-01
944,0,6.98480E-01
945,0,6.94298E-01
946,0,6.98990E-01
947,0,7.03402E-01
948,0,7.07529E-01
949,0,7.11356E-01
950,0,7.14873E-01
951,0,7.18076E-01
952,0,7.20952E-01
953,0,7.23498E-01
954,0,7.25706E-01
955,0,7.27672E-01
956,0,7.29576E-01
957,0,7.31421E-01
958,0,7.33204E-01
959,0,7.34898E-01
960,0,7.36279E-01
961,0,7.37299E-01
962,0,7.37957E-01
963,0,7.38250E-01
964,0,7.38178E-01
965,0,7.37740E-01
966,0,7.36939E-01
967,0,7.35776E-01
968,0,7.34252E-01
969,0,7.32376E-01
970,0,7.30150E-01
971,0,7.27579E-01
972,0,7.24673E-01
973,0,7.21435E-01
974,0,7.17875E-01
975,0,7.14005E-01
976,0,7.09829E-01
977,0,7.05359E-01
978,0,7.00610E-01
979,0,6.95586E-01
980,0,6.90533E-01
981,0,6.95180E-01
982,0,6.99548E-01
983,0,7.03633E-01
984,0,7.07421E-01
985,0,7.10903E-01
986,0,7.14074E-01
987,0,7.16921E-01
988,0,7.19442E-01
989,0,7.21645E-01
990,0,7.23732E-01
991,0,7.25764E-01
992,0,7.27738E-01
993,0,7.29653E-01
994,0,7.31375E-01
995,0,7.32744E-01
996,0,7.33755E-01
997,0,7.34407E-01
998,0,7.34695E-01
999,0,7.34623E-01
1000,0,7.34189E-01
1001,0,7.33395E-01
1002,0,7.32242E-01
1003,0,7.30732E-01
1004,0,7.28873E-01
1005,0,7.26665E-01
1006,0,7.24116E-01
1007,0,7.21232E-01
1008,0,7.18022E-01
1009,0,7.14492E-01
1010,0,7.10654E-01
1011,0,7.06512E-01
1012,0,7.02080E-01
1013,0,6.97367E-01
1014,0,6.92385E-01
1015,0,6.86485E-01
1016,0,6.91081E-01
1017,0,6.95403E-01
1018,0,6.99445E-01
1019,0,7.03193E-01
1020,0,7.06638E-01
1021,0,7.09774E-01
1022,0,7.12590E-01
1023,0,7.15083E-01
1024,0,7.17349E-01
1025,0,7.19558E-01
1026,0,7.21711E-01
1027,0,7.23811E-01
1028,0,7.25821E-01
1029,0,7.27526E-01
1030,0,7.28882E-01
1031,0,7.29883E-01
1032,0,7.30528E-01
1033,0,7.30814E-01
1034,0,7.30742E-01
1035,0,7.30312E-01
1036,0,7.29525E-01
1037,0,7.28383E-01
1038,0,7.26885E-01
1039,0,7.25043E-01
1040,0,7.22856E-01
1041,0,7.20331E-01
1042,0,7.17476E-01
1043,0,7.14292E-01
1044,0,7.10795E-01
1045,0,7.06992E-01
1046,0,7.02889E-01
1047,0,6.98495E-01
1048,0,6.93827E-01
1049,0,6.88888E-01
1050,0,6.82161E-01
1051,0,6.86707E-01
1052,0,6.90978E-01
1053,0,6.94973E-01
1054,0,6.98679E-01
1055,0,7.02084E-01
1056,0,7.05183E-01
1057,0,7.07967E-01
1058,0,7.10447E-01
1059,0,7.12826E-01
1060,0,7.15152E-01
1061,0,7.17427E-01
1062,0,7.19648E-01
1063,0,7.21674E-01
1064,0,7.23362E-01
1065,0,7.24703E-01
1066,0,7.25694E-01
1067,0,7.26330E-01
1068,0,7.26614E-01
1069,0,7.26543E-01
1070,0,7.26117E-01
1071,0,7.25336E-01
1072,0,7.24205E-01
1073,0,7.22725E-01
1074,0,7.20901E-01
1075,0,7.18734E-01
1076,0,7.16234E-01
1077,0,7.13408E-01
1078,0,7.10257E-01
1079,0,7.06795E-01
1080,0,7.03030E-01
1081,0,6.98965E-01
1082,0,6.94616E-01
1083,0,6.89994E-01
1084,0,6.85101E-01
1085,0,6.77571E-01
1086,0,6.82063E-01
1087,0,6.86282E-01
1088,0,6.90229E-01
1089,0,6.93889E-01
1090,0,6.97252E-01
1091,0,7.00311E-01
1092,0,7.03060E-01
1093,0,7.05599E-01
1094,0,7.08089E-01
1095,0,7.10525E-01
1096,0,7.12914E-01
1097,0,7.15219E-01
1098,0,7.17225E-01
1099,0,7.18892E-01
1100,0,7.20218E-01
1101,0,7.21197E-01
1102,0,7.21826E-01
1103,0,7.22107E-01
1104,0,7.22036E-01
1105,0,7.21613E-01
1106,0,7.20842E-01
1107,0,7.19723E-01
1108,0,7.18257E-01
1109,0,7.16453E-01
1110,0,7.14312E-01
1111,0,7.11837E-01
1112,0,7.09042E-01
1113,0,7.05927E-01
1114,0,7.02500E-01
1115,0,6.98775E-01
1116,0,6.94754E-01
1117,0,6.90451E-01
1118,0,6.85878E-01
1119,0,6.81037E-01
1120,0,6.72726E-01
1121,0,6.77161E-01
1122,0,6.81326E-01
1123,0,6.85222E-01
1124,0,6.88834E-01
1125,0,6.92151E-01
1126,0,6.95172E-01
1127,0,6.97906E-01
1128,0,7.00545E-01
1129,0,7.03140E-01
1130,0,7.05687E-01
1131,0,7.08185E-01
1132,0,7.10498E-01
1133,0,7.12480E-01
1134,0,7.14126E-01
1135,0,7.15436E-01
1136,0,7.16404E-01
1137,0,7.17025E-01
1138,0,7.17302E-01
1139,0,7.17230E-01
1140,0,7.16813E-01
1141,0,7.16052E-01
1142,0,7.14943E-01
1143,0,7.13497E-01
1144,0,7.11712E-01
1145,0,7.09596E-01
1146,0,7.07152E-01
1147,0,7.04387E-01
1148,0,7.01308E-01
1149,0,6.97920E-01
1150,0,6.94239E-01
1151,0,6.90263E-01
1152,0,6.86010E-01
1153,0,6.81486E-01
1154,0,6.76701E-01
1155,0,6.67636E-01
1156,0,6.72012E-01
1157,0,6.76120E-01
1158,0,6.79964E-01
1159,0,6.83527E-01
1160,0,6.86798E-01
1161,0,6.89777E-01
1162,0,6.92557E-01
1163,0,6.95298E-01
1164,0,6.97995E-01
1165,0,7.00643E-01
1166,0,7.03214E-01
1167,0,7.05495E-01
1168,0,7.07452E-01
1169,0,7.09077E-01
1170,0,7.10371E-01
1171,0,7.11326E-01
1172,0,7.11938E-01
1173,0,7.12212E-01
1174,0,7.12140E-01
1175,0,7.11729E-01
1176,0,7.10974E-01
1177,0,7.09882E-01
1178,0,7.08451E-01
1179,0,7.06691E-01
1180,0,7.04598E-01
1181,0,7.02185E-01
1182,0,6.99454E-01
1183,0,6.96414E-01
1184,0,6.93068E-01
1185,0,6.89431E-01
1186,0,6.85504E-01
1187,0,6.81302E-01
1188,0,6.76833E-01
1189,0,6.72103E-01
1190,0,6.62313E-01
1191,0,6.66627E-01
1192,0,6.70677E-01
1193,0,6.74466E-01
1194,0,6.77975E-01
1195,0,6.81201E-01
1196,0,6.84157E-01
1197,0,6.87031E-01
1198,0,6.89866E-01
1199,0,6.92657E-01
1200,0,6.95407E-01
1201,0,6.97972E-01
1202,0,7.00226E-01
1203,0,7.02154E-01
1204,0,7.03759E-01
1205,0,7.05032E-01
1206,0,7.05975E-01
1207,0,7.06579E-01
1208,0,7.06845E-01
1209,0,7.06777E-01
1210,0,7.06368E-01
1211,0,7.05626E-01
1212,0,7.04546E-01
1213,0,7.03136E-01
1214,0,7.01396E-01
1215,0,6.99335E-01
1216,0,6.96951E-01
1217,0,6.94255E-01
1218,0,6.91255E-01
1219,0,6.87952E-01
1220,0,6.84363E-01
1221,0,6.80487E-01
1222,0,6.76336E-01
1223,0,6.71926E-01
