<?xml version="1.0" encoding="utf-8"?>
<nrml xmlns:gml="http://www.opengis.net/gml" xmlns="http://openquake.org/xmlns/nrml/0.4">
    <singlePlaneRupture>
        <magnitude>5.6</magnitude>
        <rake>29</rake>
        <hypocenter lat="-7.233" lon="107.614" depth="120"/>
        <planarSurface strike="153" dip="77">
            <topLeft lon="107.60271" lat="-7.19843" depth="117.24771"/>
            <topRight lon="107.63555" lat="-7.26238" depth="117.24771"/>
            <bottomLeft lon="107.59245" lat="-7.20362" depth="122.75229"/>
            <bottomRight lon="107.62529" lat="-7.26757" depth="122.75229"/>
        </planarSurface>
    </singlePlaneRupture>
</nrml>
